series_id,surface
0,tiled
1,soft_pvc
2,tiled
3,soft_pvc
4,soft_tiles
5,concrete
6,soft_pvc
7,hard_tiles_large_space
8,wood
9,wood
10,fine_concrete
11,carpet
12,soft_pvc
13,carpet
14,fine_concrete
15,wood
16,concrete
17,carpet
18,fine_concrete
19,soft_pvc
20,soft_tiles
21,soft_pvc
22,soft_pvc
23,hard_tiles_large_space
24,concrete
25,wood
26,concrete
27,concrete
28,soft_pvc
29,concrete
30,soft_pvc
31,soft_pvc
32,concrete
33,soft_pvc
34,concrete
35,soft_pvc
36,fine_concrete
37,soft_pvc
38,fine_concrete
39,soft_pvc
40,soft_pvc
41,wood
42,concrete
43,concrete
44,soft_pvc
45,soft_pvc
46,wood
47,concrete
48,fine_concrete
49,wood
50,wood
51,carpet
52,soft_pvc
53,hard_tiles_large_space
54,fine_concrete
55,tiled
56,concrete
57,wood
58,soft_pvc
59,tiled
60,concrete
61,concrete
62,concrete
63,tiled
64,concrete
65,tiled
66,soft_pvc
67,soft_pvc
68,soft_pvc
69,tiled
70,concrete
71,fine_concrete
72,tiled
73,concrete
74,tiled
75,fine_concrete
76,tiled
77,soft_pvc
78,concrete
79,soft_pvc
80,soft_tiles
81,fine_concrete
82,soft_pvc
83,hard_tiles_large_space
84,hard_tiles_large_space
85,soft_pvc
86,fine_concrete
87,fine_concrete
88,wood
89,concrete
90,fine_concrete
91,concrete
92,fine_concrete
93,soft_pvc
94,tiled
95,soft_pvc
96,soft_pvc
97,hard_tiles_large_space
98,soft_pvc
99,tiled
100,wood
101,tiled
102,soft_pvc
103,wood
104,soft_pvc
105,concrete
106,concrete
107,wood
108,wood
109,tiled
110,soft_pvc
111,hard_tiles_large_space
112,soft_pvc
113,fine_concrete
114,hard_tiles_large_space
115,hard_tiles_large_space
116,wood
117,hard_tiles_large_space
118,tiled
119,soft_pvc
120,soft_pvc
121,wood
122,fine_concrete
123,tiled
124,wood
125,tiled
126,tiled
127,wood
128,soft_pvc
129,concrete
130,soft_tiles
131,fine_concrete
132,soft_pvc
133,wood
134,fine_concrete
135,soft_pvc
136,fine_concrete
137,hard_tiles_large_space
138,soft_pvc
139,fine_concrete
140,soft_tiles
141,concrete
142,carpet
143,soft_pvc
144,hard_tiles_large_space
145,soft_pvc
146,tiled
147,concrete
148,carpet
149,concrete
150,fine_concrete
151,soft_pvc
152,fine_concrete
153,soft_pvc
154,soft_pvc
155,soft_pvc
156,tiled
157,soft_pvc
158,tiled
159,soft_pvc
160,soft_pvc
161,hard_tiles_large_space
162,soft_pvc
163,soft_pvc
164,soft_pvc
165,soft_tiles
166,fine_concrete
167,hard_tiles_large_space
168,fine_concrete
169,concrete
170,concrete
171,soft_pvc
172,soft_pvc
173,soft_pvc
174,soft_pvc
175,tiled
176,concrete
177,concrete
178,carpet
179,tiled
180,concrete
181,soft_pvc
182,soft_pvc
183,soft_pvc
184,concrete
185,tiled
186,tiled
187,fine_concrete
188,soft_pvc
189,wood
190,fine_concrete
191,wood
192,soft_pvc
193,soft_pvc
194,soft_pvc
195,soft_pvc
196,wood
197,soft_tiles
198,carpet
199,soft_pvc
200,concrete
201,soft_pvc
202,carpet
203,hard_tiles_large_space
204,soft_tiles
205,carpet
206,soft_pvc
207,tiled
208,soft_pvc
209,concrete
210,soft_pvc
211,wood
212,soft_pvc
213,soft_pvc
214,wood
215,hard_tiles_large_space
216,soft_tiles
217,soft_tiles
218,fine_concrete
219,concrete
220,soft_pvc
221,soft_pvc
222,concrete
223,soft_pvc
224,soft_pvc
225,soft_pvc
226,wood
227,soft_pvc
228,soft_pvc
229,concrete
230,wood
231,fine_concrete
232,concrete
233,soft_pvc
234,soft_pvc
235,soft_pvc
236,soft_pvc
237,concrete
238,concrete
239,soft_pvc
240,concrete
241,concrete
242,tiled
243,soft_pvc
244,wood
245,tiled
246,tiled
247,fine_concrete
248,soft_pvc
249,soft_pvc
250,tiled
251,soft_pvc
252,concrete
253,tiled
254,concrete
255,tiled
256,soft_pvc
257,soft_pvc
258,soft_pvc
259,hard_tiles_large_space
260,concrete
261,wood
262,fine_concrete
263,concrete
264,concrete
265,fine_concrete
266,wood
267,wood
268,tiled
269,soft_pvc
270,fine_concrete
271,soft_tiles
272,concrete
273,fine_concrete
274,fine_concrete
275,hard_tiles_large_space
276,tiled
277,soft_pvc
278,soft_pvc
279,soft_tiles
280,carpet
281,soft_pvc
282,concrete
283,soft_pvc
284,fine_concrete
285,soft_pvc
286,soft_pvc
287,concrete
288,concrete
289,fine_concrete
290,tiled
291,hard_tiles_large_space
292,tiled
293,carpet
294,hard_tiles_large_space
295,soft_pvc
296,soft_pvc
297,concrete
298,soft_tiles
299,concrete
300,soft_pvc
301,wood
302,wood
303,concrete
304,concrete
305,soft_pvc
306,tiled
307,hard_tiles_large_space
308,concrete
309,concrete
310,wood
311,soft_pvc
312,concrete
313,soft_pvc
314,soft_pvc
315,wood
316,wood
317,wood
318,fine_concrete
319,soft_pvc
320,concrete
321,soft_pvc
322,tiled
323,soft_tiles
324,concrete
325,wood
326,concrete
327,soft_pvc
328,tiled
329,soft_pvc
330,hard_tiles_large_space
331,fine_concrete
332,tiled
333,carpet
334,concrete
335,tiled
336,tiled
337,hard_tiles_large_space
338,fine_concrete
339,wood
340,soft_pvc
341,tiled
342,carpet
343,fine_concrete
344,wood
345,concrete
346,fine_concrete
347,soft_pvc
348,concrete
349,soft_pvc
350,concrete
351,wood
352,hard_tiles_large_space
353,wood
354,wood
355,hard_tiles_large_space
356,soft_pvc
357,soft_pvc
358,tiled
359,fine_concrete
360,wood
361,concrete
362,concrete
363,hard_tiles_large_space
364,tiled
365,soft_pvc
366,soft_pvc
367,wood
368,soft_pvc
369,concrete
370,hard_tiles_large_space
371,tiled
372,fine_concrete
373,concrete
374,wood
375,soft_pvc
376,soft_tiles
377,tiled
378,wood
379,soft_pvc
380,wood
381,soft_tiles
382,fine_concrete
383,tiled
384,fine_concrete
385,concrete
386,hard_tiles_large_space
387,fine_concrete
388,tiled
389,soft_pvc
390,wood
391,wood
392,concrete
393,soft_pvc
394,fine_concrete
395,soft_tiles
396,soft_pvc
397,soft_pvc
398,concrete
399,concrete
400,tiled
401,soft_pvc
402,soft_pvc
403,wood
404,soft_tiles
405,soft_tiles
406,soft_pvc
407,fine_concrete
408,hard_tiles_large_space
409,soft_pvc
410,tiled
411,wood
412,carpet
413,fine_concrete
414,soft_pvc
415,tiled
416,fine_concrete
417,soft_pvc
418,soft_pvc
419,tiled
420,soft_pvc
421,wood
422,tiled
423,wood
424,concrete
425,soft_pvc
426,tiled
427,soft_pvc
428,hard_tiles_large_space
429,fine_concrete
430,concrete
431,hard_tiles_large_space
432,soft_pvc
433,soft_pvc
434,wood
435,wood
436,concrete
437,soft_tiles
438,soft_pvc
439,soft_pvc
440,soft_pvc
441,soft_pvc
442,fine_concrete
443,soft_pvc
444,wood
445,fine_concrete
446,carpet
447,hard_tiles_large_space
448,wood
449,soft_pvc
450,soft_pvc
451,soft_pvc
452,fine_concrete
453,concrete
454,soft_tiles
455,concrete
456,concrete
457,soft_pvc
458,fine_concrete
459,soft_pvc
460,soft_tiles
461,hard_tiles_large_space
462,concrete
463,tiled
464,wood
465,concrete
466,fine_concrete
467,soft_pvc
468,hard_tiles_large_space
469,soft_tiles
470,soft_pvc
471,carpet
472,concrete
473,concrete
474,hard_tiles_large_space
475,soft_pvc
476,wood
477,concrete
478,wood
479,wood
480,wood
481,tiled
482,concrete
483,concrete
484,wood
485,concrete
486,tiled
487,tiled
488,soft_pvc
489,tiled
490,fine_concrete
491,soft_pvc
492,concrete
493,soft_pvc
494,soft_pvc
495,wood
496,wood
497,concrete
498,tiled
499,carpet
500,tiled
501,soft_pvc
502,tiled
503,tiled
504,soft_pvc
505,fine_concrete
506,tiled
507,concrete
508,carpet
509,wood
510,soft_pvc
511,carpet
512,soft_pvc
513,soft_tiles
514,soft_pvc
515,concrete
516,soft_pvc
517,wood
518,hard_tiles_large_space
519,fine_concrete
520,tiled
521,soft_tiles
522,soft_pvc
523,soft_pvc
524,concrete
525,hard_tiles_large_space
526,fine_concrete
527,concrete
528,carpet
529,fine_concrete
530,wood
531,soft_pvc
532,soft_pvc
533,soft_pvc
534,concrete
535,concrete
536,wood
537,soft_tiles
538,soft_pvc
539,fine_concrete
540,hard_tiles_large_space
541,soft_pvc
542,soft_pvc
543,fine_concrete
544,soft_pvc
545,carpet
546,wood
547,soft_pvc
548,tiled
549,hard_tiles_large_space
550,soft_pvc
551,carpet
552,carpet
553,carpet
554,concrete
555,hard_tiles_large_space
556,wood
557,wood
558,hard_tiles_large_space
559,soft_pvc
560,soft_pvc
561,fine_concrete
562,concrete
563,hard_tiles_large_space
564,concrete
565,wood
566,hard_tiles_large_space
567,wood
568,soft_pvc
569,soft_pvc
570,tiled
571,soft_pvc
572,concrete
573,soft_pvc
574,tiled
575,wood
576,concrete
577,concrete
578,tiled
579,concrete
580,soft_tiles
581,concrete
582,wood
583,soft_pvc
584,concrete
585,fine_concrete
586,fine_concrete
587,soft_pvc
588,soft_pvc
589,tiled
590,tiled
591,tiled
592,wood
593,hard_tiles_large_space
594,soft_tiles
595,concrete
596,tiled
597,wood
598,concrete
599,concrete
600,tiled
601,soft_pvc
602,soft_pvc
603,fine_concrete
604,soft_pvc
605,soft_pvc
606,carpet
607,concrete
608,concrete
609,soft_pvc
610,soft_pvc
611,tiled
612,fine_concrete
613,soft_pvc
614,soft_pvc
615,carpet
616,hard_tiles_large_space
617,concrete
618,fine_concrete
619,soft_pvc
620,concrete
621,soft_pvc
622,fine_concrete
623,fine_concrete
624,tiled
625,fine_concrete
626,soft_pvc
627,soft_pvc
628,soft_tiles
629,carpet
630,concrete
631,wood
632,wood
633,wood
634,soft_pvc
635,tiled
636,soft_pvc
637,soft_pvc
638,carpet
639,tiled
640,soft_pvc
641,fine_concrete
642,tiled
643,soft_pvc
644,carpet
645,concrete
646,fine_concrete
647,tiled
648,concrete
649,tiled
650,soft_pvc
651,soft_tiles
652,tiled
653,hard_tiles_large_space
654,concrete
655,soft_pvc
656,tiled
657,soft_pvc
658,hard_tiles_large_space
659,tiled
660,soft_pvc
661,tiled
662,soft_pvc
663,tiled
664,fine_concrete
665,hard_tiles_large_space
666,soft_pvc
667,tiled
668,soft_pvc
669,fine_concrete
670,soft_pvc
671,fine_concrete
672,tiled
673,wood
674,soft_pvc
675,soft_pvc
676,wood
677,hard_tiles_large_space
678,fine_concrete
679,tiled
680,soft_pvc
681,soft_pvc
682,soft_pvc
683,soft_pvc
684,soft_pvc
685,wood
686,wood
687,concrete
688,soft_pvc
689,soft_pvc
690,tiled
691,soft_pvc
692,wood
693,wood
694,soft_pvc
695,wood
696,carpet
697,soft_pvc
698,carpet
699,soft_pvc
700,wood
701,concrete
702,fine_concrete
703,concrete
704,soft_pvc
705,fine_concrete
706,tiled
707,soft_pvc
708,wood
709,fine_concrete
710,carpet
711,tiled
712,hard_tiles_large_space
713,wood
714,soft_pvc
715,tiled
716,fine_concrete
717,fine_concrete
718,concrete
719,soft_pvc
720,soft_tiles
721,soft_pvc
722,concrete
723,tiled
724,soft_pvc
725,concrete
726,concrete
727,soft_pvc
728,soft_pvc
729,hard_tiles_large_space
730,tiled
731,hard_tiles_large_space
732,tiled
733,concrete
734,fine_concrete
735,concrete
736,soft_pvc
737,concrete
738,fine_concrete
739,fine_concrete
740,fine_concrete
741,soft_pvc
742,concrete
743,tiled
744,soft_pvc
745,soft_pvc
746,concrete
747,carpet
748,soft_pvc
749,soft_pvc
750,tiled
751,soft_tiles
752,soft_pvc
753,soft_pvc
754,concrete
755,concrete
756,soft_pvc
757,soft_pvc
758,soft_pvc
759,soft_pvc
760,soft_pvc
761,concrete
762,tiled
763,soft_pvc
764,soft_pvc
765,wood
766,soft_pvc
767,carpet
768,soft_pvc
769,fine_concrete
770,fine_concrete
771,concrete
772,hard_tiles_large_space
773,fine_concrete
774,tiled
775,wood
776,concrete
777,soft_pvc
778,soft_pvc
779,soft_pvc
780,soft_pvc
781,carpet
782,tiled
783,soft_pvc
784,soft_pvc
785,concrete
786,soft_pvc
787,fine_concrete
788,hard_tiles_large_space
789,fine_concrete
790,wood
791,wood
792,wood
793,tiled
794,concrete
795,wood
796,soft_pvc
797,fine_concrete
798,wood
799,fine_concrete
800,wood
801,hard_tiles_large_space
802,tiled
803,soft_pvc
804,hard_tiles_large_space
805,soft_pvc
806,soft_pvc
807,hard_tiles_large_space
808,fine_concrete
809,concrete
810,soft_pvc
811,tiled
812,soft_tiles
813,hard_tiles_large_space
814,soft_pvc
815,fine_concrete
816,wood
817,soft_tiles
818,tiled
819,soft_pvc
820,soft_pvc
821,tiled
822,concrete
823,soft_pvc
824,concrete
825,soft_pvc
826,wood
827,carpet
828,soft_tiles
829,wood
830,soft_pvc
831,concrete
832,concrete
833,wood
834,soft_pvc
835,concrete
836,soft_pvc
837,soft_pvc
838,wood
839,fine_concrete
840,concrete
841,concrete
842,tiled
843,fine_concrete
844,soft_pvc
845,concrete
846,soft_pvc
847,concrete
848,tiled
849,wood
850,soft_tiles
851,soft_pvc
852,concrete
853,concrete
854,concrete
855,fine_concrete
856,hard_tiles_large_space
857,wood
858,soft_pvc
859,soft_pvc
860,wood
861,soft_tiles
862,soft_pvc
863,concrete
864,tiled
865,soft_pvc
866,tiled
867,soft_tiles
868,soft_pvc
869,tiled
870,soft_pvc
871,soft_pvc
872,tiled
873,hard_tiles_large_space
874,tiled
875,carpet
876,tiled
877,soft_pvc
878,tiled
879,wood
880,wood
881,soft_pvc
882,soft_tiles
883,fine_concrete
884,wood
885,carpet
886,concrete
887,concrete
888,soft_pvc
889,soft_pvc
890,fine_concrete
891,fine_concrete
892,fine_concrete
893,concrete
894,carpet
895,soft_pvc
896,wood
897,concrete
898,tiled
899,soft_pvc
900,wood
901,soft_pvc
902,soft_pvc
903,soft_pvc
904,tiled
905,hard_tiles_large_space
906,soft_pvc
907,soft_tiles
908,fine_concrete
909,soft_pvc
910,concrete
911,carpet
912,soft_pvc
913,tiled
914,soft_pvc
915,soft_pvc
916,wood
917,concrete
918,concrete
919,soft_tiles
920,soft_pvc
921,soft_pvc
922,fine_concrete
923,tiled
924,carpet
925,carpet
926,concrete
927,concrete
928,wood
929,concrete
930,fine_concrete
931,tiled
932,concrete
933,concrete
934,fine_concrete
935,concrete
936,soft_pvc
937,fine_concrete
938,fine_concrete
939,wood
940,hard_tiles_large_space
941,concrete
942,tiled
943,wood
944,carpet
945,soft_pvc
946,tiled
947,soft_pvc
948,wood
949,soft_pvc
950,concrete
951,soft_pvc
952,concrete
953,soft_pvc
954,soft_pvc
955,wood
956,wood
957,wood
958,soft_tiles
959,soft_pvc
960,wood
961,soft_pvc
962,concrete
963,soft_pvc
964,concrete
965,wood
966,soft_pvc
967,soft_pvc
968,concrete
969,fine_concrete
970,soft_pvc
971,fine_concrete
972,soft_tiles
973,concrete
974,soft_pvc
975,fine_concrete
976,concrete
977,fine_concrete
978,hard_tiles_large_space
979,hard_tiles_large_space
980,soft_pvc
981,wood
982,wood
983,soft_tiles
984,hard_tiles_large_space
985,wood
986,soft_pvc
987,wood
988,concrete
989,soft_pvc
990,hard_tiles_large_space
991,soft_pvc
992,soft_pvc
993,soft_pvc
994,tiled
995,wood
996,tiled
997,soft_pvc
998,hard_tiles_large_space
999,concrete
1000,soft_pvc
1001,concrete
1002,concrete
1003,hard_tiles_large_space
1004,soft_pvc
1005,soft_pvc
1006,soft_pvc
1007,hard_tiles_large_space
1008,hard_tiles_large_space
1009,tiled
1010,carpet
1011,concrete
1012,soft_pvc
1013,carpet
1014,concrete
1015,concrete
1016,tiled
1017,concrete
1018,wood
1019,soft_pvc
1020,wood
1021,concrete
1022,hard_tiles_large_space
1023,concrete
1024,soft_pvc
1025,carpet
1026,soft_pvc
1027,soft_pvc
1028,tiled
1029,wood
1030,hard_tiles_large_space
1031,concrete
1032,hard_tiles_large_space
1033,soft_pvc
1034,tiled
1035,soft_pvc
1036,soft_pvc
1037,soft_pvc
1038,soft_pvc
1039,fine_concrete
1040,soft_pvc
1041,soft_pvc
1042,soft_pvc
1043,soft_pvc
1044,soft_pvc
1045,fine_concrete
1046,tiled
1047,soft_pvc
1048,concrete
1049,soft_pvc
1050,concrete
1051,soft_pvc
1052,soft_pvc
1053,fine_concrete
1054,fine_concrete
1055,hard_tiles_large_space
1056,soft_pvc
1057,fine_concrete
1058,soft_pvc
1059,fine_concrete
1060,soft_pvc
1061,soft_pvc
1062,tiled
1063,soft_pvc
1064,wood
1065,soft_tiles
1066,fine_concrete
1067,tiled
1068,wood
1069,soft_tiles
1070,hard_tiles_large_space
1071,soft_pvc
1072,soft_pvc
1073,concrete
1074,soft_pvc
1075,concrete
1076,soft_pvc
1077,soft_pvc
1078,soft_pvc
1079,carpet
1080,soft_pvc
1081,hard_tiles_large_space
1082,concrete
1083,concrete
1084,concrete
1085,tiled
1086,concrete
1087,soft_pvc
1088,soft_pvc
1089,soft_pvc
1090,soft_pvc
1091,wood
1092,hard_tiles_large_space
1093,concrete
1094,tiled
1095,fine_concrete
1096,wood
1097,soft_pvc
1098,soft_tiles
1099,tiled
1100,soft_pvc
1101,soft_pvc
1102,soft_pvc
1103,soft_pvc
1104,tiled
1105,hard_tiles_large_space
1106,hard_tiles_large_space
1107,soft_pvc
1108,carpet
1109,concrete
1110,soft_pvc
1111,wood
1112,wood
1113,carpet
1114,soft_pvc
1115,wood
1116,soft_pvc
1117,fine_concrete
1118,soft_pvc
1119,soft_pvc
1120,fine_concrete
1121,wood
1122,soft_pvc
1123,soft_pvc
1124,concrete
1125,fine_concrete
1126,concrete
1127,hard_tiles_large_space
1128,soft_pvc
1129,concrete
1130,soft_pvc
1131,soft_pvc
1132,concrete
1133,fine_concrete
1134,soft_pvc
1135,soft_pvc
1136,tiled
1137,wood
1138,soft_pvc
1139,tiled
1140,soft_pvc
1141,concrete
1142,fine_concrete
1143,soft_pvc
1144,soft_pvc
1145,fine_concrete
1146,fine_concrete
1147,carpet
1148,soft_pvc
1149,soft_pvc
1150,soft_pvc
1151,soft_pvc
1152,soft_pvc
1153,concrete
1154,carpet
1155,tiled
1156,soft_pvc
1157,tiled
1158,fine_concrete
1159,soft_pvc
1160,soft_pvc
1161,concrete
1162,soft_pvc
1163,soft_pvc
1164,soft_pvc
1165,concrete
1166,fine_concrete
1167,concrete
1168,soft_pvc
1169,wood
1170,concrete
1171,wood
1172,tiled
1173,soft_pvc
1174,fine_concrete
1175,soft_pvc
1176,hard_tiles_large_space
1177,soft_pvc
1178,wood
1179,wood
1180,tiled
1181,wood
1182,fine_concrete
1183,concrete
1184,concrete
1185,tiled
1186,tiled
1187,tiled
1188,hard_tiles_large_space
1189,wood
1190,concrete
1191,soft_tiles
1192,tiled
1193,soft_pvc
1194,wood
1195,soft_pvc
1196,fine_concrete
1197,soft_pvc
1198,wood
1199,fine_concrete
1200,tiled
1201,concrete
1202,soft_pvc
1203,concrete
1204,soft_pvc
1205,soft_tiles
1206,soft_pvc
1207,soft_tiles
1208,carpet
1209,soft_pvc
1210,hard_tiles_large_space
1211,tiled
1212,soft_pvc
1213,soft_pvc
1214,fine_concrete
1215,wood
1216,tiled
1217,tiled
1218,wood
1219,soft_pvc
1220,soft_pvc
1221,soft_pvc
1222,soft_pvc
1223,soft_pvc
1224,soft_tiles
1225,tiled
1226,soft_pvc
1227,fine_concrete
1228,wood
1229,soft_pvc
1230,soft_pvc
1231,fine_concrete
1232,tiled
1233,soft_pvc
1234,concrete
1235,soft_pvc
1236,soft_pvc
1237,hard_tiles_large_space
1238,hard_tiles_large_space
1239,concrete
1240,tiled
1241,wood
1242,carpet
1243,concrete
1244,fine_concrete
1245,concrete
1246,soft_pvc
1247,concrete
1248,concrete
1249,tiled
1250,concrete
1251,concrete
1252,concrete
1253,soft_pvc
1254,soft_pvc
1255,concrete
1256,fine_concrete
1257,soft_pvc
1258,soft_pvc
1259,concrete
1260,wood
1261,tiled
1262,carpet
1263,carpet
1264,hard_tiles_large_space
1265,soft_tiles
1266,hard_tiles_large_space
1267,soft_pvc
1268,soft_pvc
1269,fine_concrete
1270,wood
1271,tiled
1272,soft_pvc
1273,wood
1274,soft_pvc
1275,soft_pvc
1276,wood
1277,soft_pvc
1278,hard_tiles_large_space
1279,soft_pvc
1280,concrete
1281,concrete
1282,hard_tiles_large_space
1283,soft_pvc
1284,soft_pvc
1285,concrete
1286,concrete
1287,concrete
1288,soft_pvc
1289,soft_pvc
1290,concrete
1291,soft_pvc
1292,fine_concrete
1293,soft_pvc
1294,hard_tiles_large_space
1295,tiled
1296,tiled
1297,concrete
1298,tiled
1299,fine_concrete
1300,concrete
1301,tiled
1302,soft_pvc
1303,soft_pvc
1304,hard_tiles_large_space
1305,soft_pvc
1306,tiled
1307,concrete
1308,soft_pvc
1309,concrete
1310,soft_pvc
1311,soft_pvc
1312,concrete
1313,concrete
1314,fine_concrete
1315,wood
1316,tiled
1317,soft_pvc
1318,soft_pvc
1319,concrete
1320,concrete
1321,soft_pvc
1322,hard_tiles_large_space
1323,soft_tiles
1324,soft_pvc
1325,tiled
1326,concrete
1327,soft_pvc
1328,soft_pvc
1329,concrete
1330,concrete
1331,soft_tiles
1332,carpet
1333,concrete
1334,concrete
1335,tiled
1336,soft_pvc
1337,soft_pvc
1338,soft_pvc
1339,soft_pvc
1340,soft_pvc
1341,soft_pvc
1342,soft_pvc
1343,wood
1344,soft_pvc
1345,soft_pvc
1346,soft_pvc
1347,soft_pvc
1348,tiled
1349,tiled
1350,tiled
1351,concrete
1352,soft_pvc
1353,soft_pvc
1354,soft_tiles
1355,concrete
1356,carpet
1357,soft_pvc
1358,carpet
1359,concrete
1360,carpet
1361,concrete
1362,hard_tiles_large_space
1363,soft_pvc
1364,hard_tiles_large_space
1365,tiled
1366,wood
1367,soft_pvc
1368,concrete
1369,soft_pvc
1370,soft_pvc
1371,concrete
1372,wood
1373,soft_tiles
1374,soft_tiles
1375,hard_tiles_large_space
1376,tiled
1377,tiled
1378,tiled
1379,concrete
1380,concrete
1381,concrete
1382,soft_pvc
1383,concrete
1384,hard_tiles_large_space
1385,wood
1386,concrete
1387,fine_concrete
1388,wood
1389,tiled
1390,fine_concrete
1391,soft_pvc
1392,soft_pvc
1393,fine_concrete
1394,concrete
1395,soft_pvc
1396,soft_pvc
1397,concrete
1398,wood
1399,soft_pvc
1400,soft_pvc
1401,tiled
1402,wood
1403,fine_concrete
1404,fine_concrete
1405,hard_tiles_large_space
1406,concrete
1407,wood
1408,tiled
1409,soft_pvc
1410,concrete
1411,fine_concrete
1412,hard_tiles_large_space
1413,fine_concrete
1414,soft_pvc
1415,carpet
1416,wood
1417,carpet
1418,wood
1419,tiled
1420,soft_pvc
1421,wood
1422,concrete
1423,soft_pvc
1424,concrete
1425,soft_pvc
1426,soft_pvc
1427,tiled
1428,fine_concrete
1429,soft_pvc
1430,wood
1431,hard_tiles_large_space
1432,concrete
1433,soft_pvc
1434,soft_pvc
1435,wood
1436,tiled
1437,fine_concrete
1438,soft_pvc
1439,soft_pvc
1440,wood
1441,soft_pvc
1442,fine_concrete
1443,fine_concrete
1444,soft_pvc
1445,wood
1446,hard_tiles_large_space
1447,concrete
1448,hard_tiles_large_space
1449,fine_concrete
1450,concrete
1451,wood
1452,soft_pvc
1453,hard_tiles_large_space
1454,wood
1455,carpet
1456,tiled
1457,soft_pvc
1458,concrete
1459,concrete
1460,soft_tiles
1461,soft_pvc
1462,tiled
1463,soft_pvc
1464,hard_tiles_large_space
1465,tiled
1466,concrete
1467,wood
1468,soft_pvc
1469,soft_tiles
1470,wood
1471,concrete
1472,soft_pvc
1473,concrete
1474,soft_pvc
1475,hard_tiles_large_space
1476,soft_pvc
1477,soft_pvc
1478,soft_pvc
1479,concrete
1480,hard_tiles_large_space
1481,carpet
1482,concrete
1483,soft_pvc
1484,fine_concrete
1485,fine_concrete
1486,soft_pvc
1487,tiled
1488,concrete
1489,wood
1490,wood
1491,wood
1492,soft_pvc
1493,wood
1494,tiled
1495,soft_tiles
1496,wood
1497,hard_tiles_large_space
1498,soft_pvc
1499,concrete
1500,soft_pvc
1501,tiled
1502,soft_pvc
1503,tiled
1504,tiled
1505,carpet
1506,soft_pvc
1507,soft_pvc
1508,wood
1509,wood
1510,soft_pvc
1511,tiled
1512,concrete
1513,fine_concrete
1514,tiled
1515,soft_pvc
1516,soft_pvc
1517,soft_pvc
1518,soft_pvc
1519,soft_pvc
1520,wood
1521,wood
1522,soft_pvc
1523,wood
1524,wood
1525,hard_tiles_large_space
1526,concrete
1527,hard_tiles_large_space
1528,soft_pvc
1529,fine_concrete
1530,soft_pvc
1531,soft_pvc
1532,concrete
1533,soft_pvc
1534,concrete
1535,soft_pvc
1536,wood
1537,fine_concrete
1538,tiled
1539,concrete
1540,tiled
1541,tiled
1542,hard_tiles_large_space
1543,soft_pvc
1544,soft_tiles
1545,soft_tiles
1546,tiled
1547,soft_pvc
1548,soft_tiles
1549,tiled
1550,wood
1551,hard_tiles_large_space
1552,hard_tiles
1553,concrete
1554,tiled
1555,wood
1556,wood
1557,wood
1558,soft_pvc
1559,wood
1560,fine_concrete
1561,soft_tiles
1562,concrete
1563,concrete
1564,fine_concrete
1565,concrete
1566,wood
1567,concrete
1568,fine_concrete
1569,soft_pvc
1570,concrete
1571,concrete
1572,tiled
1573,concrete
1574,concrete
1575,carpet
1576,tiled
1577,concrete
1578,tiled
1579,tiled
1580,soft_pvc
1581,soft_pvc
1582,tiled
1583,soft_pvc
1584,soft_pvc
1585,concrete
1586,concrete
1587,soft_pvc
1588,concrete
1589,tiled
1590,tiled
1591,soft_pvc
1592,fine_concrete
1593,soft_pvc
1594,soft_tiles
1595,concrete
1596,hard_tiles_large_space
1597,fine_concrete
1598,soft_pvc
1599,hard_tiles_large_space
1600,soft_pvc
1601,soft_pvc
1602,wood
1603,soft_pvc
1604,tiled
1605,soft_pvc
1606,tiled
1607,tiled
1608,concrete
1609,wood
1610,concrete
1611,soft_pvc
1612,wood
1613,wood
1614,wood
1615,soft_tiles
1616,fine_concrete
1617,soft_pvc
1618,fine_concrete
1619,soft_pvc
1620,fine_concrete
1621,hard_tiles_large_space
1622,hard_tiles_large_space
1623,hard_tiles
1624,concrete
1625,fine_concrete
1626,soft_pvc
1627,concrete
1628,hard_tiles_large_space
1629,soft_pvc
1630,wood
1631,carpet
1632,fine_concrete
1633,soft_pvc
1634,concrete
1635,concrete
1636,fine_concrete
1637,soft_pvc
1638,soft_pvc
1639,soft_pvc
1640,wood
1641,soft_tiles
1642,tiled
1643,fine_concrete
1644,wood
1645,soft_pvc
1646,soft_tiles
1647,concrete
1648,soft_pvc
1649,wood
1650,soft_pvc
1651,carpet
1652,tiled
1653,soft_pvc
1654,soft_pvc
1655,wood
1656,fine_concrete
1657,wood
1658,soft_pvc
1659,wood
1660,fine_concrete
1661,fine_concrete
1662,concrete
1663,carpet
1664,fine_concrete
1665,fine_concrete
1666,soft_pvc
1667,soft_pvc
1668,concrete
1669,carpet
1670,concrete
1671,hard_tiles_large_space
1672,fine_concrete
1673,soft_pvc
1674,fine_concrete
1675,soft_pvc
1676,concrete
1677,soft_tiles
1678,fine_concrete
1679,concrete
1680,wood
1681,fine_concrete
1682,concrete
1683,concrete
1684,concrete
1685,concrete
1686,fine_concrete
1687,concrete
1688,fine_concrete
1689,concrete
1690,hard_tiles_large_space
1691,soft_tiles
1692,soft_pvc
1693,tiled
1694,soft_pvc
1695,soft_pvc
1696,wood
1697,concrete
1698,hard_tiles_large_space
1699,soft_pvc
1700,concrete
1701,soft_pvc
1702,soft_pvc
1703,concrete
1704,hard_tiles_large_space
1705,concrete
1706,soft_pvc
1707,fine_concrete
1708,concrete
1709,wood
1710,concrete
1711,soft_pvc
1712,concrete
1713,concrete
1714,tiled
1715,soft_pvc
1716,carpet
1717,wood
1718,soft_pvc
1719,soft_pvc
1720,hard_tiles_large_space
1721,hard_tiles_large_space
1722,carpet
1723,wood
1724,hard_tiles_large_space
1725,hard_tiles_large_space
1726,concrete
1727,soft_pvc
1728,soft_pvc
1729,concrete
1730,fine_concrete
1731,fine_concrete
1732,fine_concrete
1733,hard_tiles_large_space
1734,fine_concrete
1735,tiled
1736,soft_pvc
1737,soft_pvc
1738,concrete
1739,concrete
1740,fine_concrete
1741,tiled
1742,tiled
1743,wood
1744,hard_tiles_large_space
1745,fine_concrete
1746,wood
1747,soft_tiles
1748,hard_tiles_large_space
1749,soft_pvc
1750,soft_pvc
1751,soft_pvc
1752,concrete
1753,hard_tiles_large_space
1754,concrete
1755,concrete
1756,concrete
1757,concrete
1758,tiled
1759,wood
1760,concrete
1761,soft_pvc
1762,soft_pvc
1763,soft_pvc
1764,tiled
1765,concrete
1766,hard_tiles_large_space
1767,concrete
1768,fine_concrete
1769,tiled
1770,soft_pvc
1771,concrete
1772,soft_pvc
1773,concrete
1774,hard_tiles_large_space
1775,soft_pvc
1776,carpet
1777,carpet
1778,soft_pvc
1779,soft_pvc
1780,soft_pvc
1781,wood
1782,wood
1783,hard_tiles_large_space
1784,soft_pvc
1785,wood
1786,soft_pvc
1787,concrete
1788,hard_tiles_large_space
1789,soft_tiles
1790,soft_pvc
1791,soft_pvc
1792,carpet
1793,fine_concrete
1794,hard_tiles_large_space
1795,hard_tiles_large_space
1796,hard_tiles_large_space
1797,concrete
1798,soft_pvc
1799,soft_pvc
1800,tiled
1801,concrete
1802,fine_concrete
1803,wood
1804,concrete
1805,soft_tiles
1806,tiled
1807,concrete
1808,fine_concrete
1809,concrete
1810,soft_pvc
1811,tiled
1812,soft_pvc
1813,hard_tiles_large_space
1814,tiled
1815,wood
1816,soft_pvc
1817,soft_pvc
1818,fine_concrete
1819,soft_pvc
1820,concrete
1821,soft_pvc
1822,soft_tiles
1823,wood
1824,tiled
1825,soft_pvc
1826,soft_pvc
1827,soft_pvc
1828,carpet
1829,concrete
1830,concrete
1831,soft_pvc
1832,wood
1833,tiled
1834,fine_concrete
1835,concrete
1836,concrete
1837,carpet
1838,soft_tiles
1839,tiled
1840,soft_tiles
1841,soft_pvc
1842,soft_pvc
1843,hard_tiles_large_space
1844,concrete
1845,soft_pvc
1846,concrete
1847,soft_pvc
1848,fine_concrete
1849,wood
1850,tiled
1851,concrete
1852,carpet
1853,hard_tiles_large_space
1854,tiled
1855,soft_pvc
1856,fine_concrete
1857,soft_tiles
1858,soft_pvc
1859,concrete
1860,concrete
1861,fine_concrete
1862,wood
1863,concrete
1864,soft_pvc
1865,tiled
1866,soft_pvc
1867,soft_pvc
1868,soft_pvc
1869,hard_tiles_large_space
1870,soft_pvc
1871,soft_pvc
1872,concrete
1873,tiled
1874,tiled
1875,soft_pvc
1876,concrete
1877,soft_pvc
1878,soft_tiles
1879,wood
1880,tiled
1881,concrete
1882,soft_pvc
1883,soft_pvc
1884,soft_pvc
1885,hard_tiles_large_space
1886,tiled
1887,tiled
1888,soft_pvc
1889,concrete
1890,soft_pvc
1891,carpet
1892,tiled
1893,soft_tiles
1894,carpet
1895,soft_pvc
1896,soft_pvc
1897,wood
1898,carpet
1899,hard_tiles_large_space
1900,fine_concrete
1901,soft_pvc
1902,tiled
1903,concrete
1904,hard_tiles_large_space
1905,soft_pvc
1906,soft_pvc
1907,wood
1908,tiled
1909,hard_tiles_large_space
1910,soft_pvc
1911,tiled
1912,concrete
1913,soft_pvc
1914,wood
1915,soft_pvc
1916,concrete
1917,fine_concrete
1918,wood
1919,wood
1920,wood
1921,concrete
1922,soft_pvc
1923,concrete
1924,tiled
1925,concrete
1926,wood
1927,tiled
1928,hard_tiles_large_space
1929,carpet
1930,concrete
1931,concrete
1932,soft_pvc
1933,tiled
1934,wood
1935,soft_pvc
1936,wood
1937,soft_pvc
1938,concrete
1939,fine_concrete
1940,wood
1941,soft_pvc
1942,fine_concrete
1943,wood
1944,concrete
1945,wood
1946,soft_pvc
1947,concrete
1948,concrete
1949,wood
1950,soft_pvc
1951,fine_concrete
1952,wood
1953,hard_tiles_large_space
1954,soft_tiles
1955,tiled
1956,soft_pvc
1957,soft_pvc
1958,tiled
1959,soft_pvc
1960,tiled
1961,soft_pvc
1962,concrete
1963,wood
1964,soft_pvc
1965,concrete
1966,hard_tiles_large_space
1967,soft_pvc
1968,soft_pvc
1969,wood
1970,fine_concrete
1971,soft_pvc
1972,concrete
1973,concrete
1974,tiled
1975,soft_pvc
1976,wood
1977,concrete
1978,tiled
1979,concrete
1980,soft_tiles
1981,concrete
1982,soft_pvc
1983,hard_tiles_large_space
1984,tiled
1985,soft_pvc
1986,concrete
1987,wood
1988,soft_pvc
1989,hard_tiles_large_space
1990,wood
1991,soft_pvc
1992,soft_pvc
1993,concrete
1994,wood
1995,soft_pvc
1996,concrete
1997,tiled
1998,wood
1999,fine_concrete
2000,soft_pvc
2001,soft_pvc
2002,tiled
2003,fine_concrete
2004,fine_concrete
2005,tiled
2006,soft_pvc
2007,wood
2008,soft_pvc
2009,soft_pvc
2010,wood
2011,wood
2012,soft_pvc
2013,soft_pvc
2014,soft_pvc
2015,hard_tiles_large_space
2016,fine_concrete
2017,soft_tiles
2018,wood
2019,soft_pvc
2020,soft_pvc
2021,soft_pvc
2022,soft_pvc
2023,soft_pvc
2024,soft_tiles
2025,fine_concrete
2026,tiled
2027,hard_tiles_large_space
2028,soft_pvc
2029,soft_pvc
2030,tiled
2031,soft_pvc
2032,wood
2033,concrete
2034,soft_pvc
2035,fine_concrete
2036,tiled
2037,soft_pvc
2038,soft_pvc
2039,tiled
2040,carpet
2041,wood
2042,soft_pvc
2043,carpet
2044,tiled
2045,tiled
2046,soft_pvc
2047,tiled
2048,soft_pvc
2049,tiled
2050,tiled
2051,soft_pvc
2052,concrete
2053,soft_pvc
2054,fine_concrete
2055,concrete
2056,soft_pvc
2057,carpet
2058,concrete
2059,concrete
2060,concrete
2061,soft_pvc
2062,fine_concrete
2063,soft_pvc
2064,fine_concrete
2065,soft_pvc
2066,concrete
2067,soft_pvc
2068,concrete
2069,soft_pvc
2070,carpet
2071,soft_pvc
2072,concrete
2073,soft_pvc
2074,concrete
2075,soft_pvc
2076,tiled
2077,concrete
2078,soft_tiles
2079,soft_pvc
2080,tiled
2081,soft_tiles
2082,fine_concrete
2083,tiled
2084,concrete
2085,concrete
2086,soft_tiles
2087,carpet
2088,soft_pvc
2089,soft_pvc
2090,concrete
2091,soft_pvc
2092,concrete
2093,soft_pvc
2094,concrete
2095,soft_pvc
2096,fine_concrete
2097,soft_pvc
2098,soft_pvc
2099,concrete
2100,fine_concrete
2101,concrete
2102,concrete
2103,concrete
2104,wood
2105,fine_concrete
2106,soft_tiles
2107,hard_tiles_large_space
2108,tiled
2109,concrete
2110,tiled
2111,fine_concrete
2112,soft_pvc
2113,soft_pvc
2114,wood
2115,carpet
2116,tiled
2117,concrete
2118,soft_pvc
2119,soft_pvc
2120,concrete
2121,wood
2122,soft_tiles
2123,soft_pvc
2124,soft_pvc
2125,soft_tiles
2126,soft_pvc
2127,tiled
2128,wood
2129,tiled
2130,soft_pvc
2131,soft_pvc
2132,concrete
2133,hard_tiles_large_space
2134,wood
2135,soft_pvc
2136,hard_tiles_large_space
2137,soft_tiles
2138,carpet
2139,tiled
2140,hard_tiles_large_space
2141,soft_pvc
2142,soft_pvc
2143,tiled
2144,hard_tiles_large_space
2145,soft_pvc
2146,wood
2147,hard_tiles_large_space
2148,tiled
2149,wood
2150,soft_pvc
2151,soft_pvc
2152,soft_pvc
2153,wood
2154,wood
2155,soft_tiles
2156,wood
2157,soft_pvc
2158,soft_tiles
2159,tiled
2160,carpet
2161,fine_concrete
2162,concrete
2163,hard_tiles_large_space
2164,wood
2165,hard_tiles_large_space
2166,soft_pvc
2167,concrete
2168,soft_pvc
2169,tiled
2170,carpet
2171,fine_concrete
2172,soft_pvc
2173,carpet
2174,soft_pvc
2175,soft_pvc
2176,wood
2177,carpet
2178,soft_pvc
2179,hard_tiles_large_space
2180,hard_tiles_large_space
2181,tiled
2182,hard_tiles_large_space
2183,soft_pvc
2184,concrete
2185,tiled
2186,soft_pvc
2187,wood
2188,soft_pvc
2189,soft_tiles
2190,tiled
2191,tiled
2192,concrete
2193,wood
2194,soft_tiles
2195,concrete
2196,fine_concrete
2197,soft_pvc
2198,hard_tiles_large_space
2199,hard_tiles_large_space
2200,soft_tiles
2201,fine_concrete
2202,wood
2203,concrete
2204,soft_pvc
2205,concrete
2206,fine_concrete
2207,soft_pvc
2208,soft_pvc
2209,soft_pvc
2210,fine_concrete
2211,soft_pvc
2212,hard_tiles_large_space
2213,carpet
2214,soft_pvc
2215,hard_tiles_large_space
2216,tiled
2217,soft_pvc
2218,fine_concrete
2219,wood
2220,soft_pvc
2221,soft_pvc
2222,tiled
2223,soft_pvc
2224,concrete
2225,concrete
2226,soft_pvc
2227,fine_concrete
2228,fine_concrete
2229,soft_pvc
2230,concrete
2231,wood
2232,soft_pvc
2233,soft_pvc
2234,wood
2235,hard_tiles_large_space
2236,soft_pvc
2237,wood
2238,wood
2239,soft_pvc
2240,wood
2241,tiled
2242,tiled
2243,tiled
2244,soft_pvc
2245,soft_pvc
2246,soft_pvc
2247,carpet
2248,tiled
2249,hard_tiles_large_space
2250,tiled
2251,soft_pvc
2252,soft_pvc
2253,tiled
2254,concrete
2255,tiled
2256,tiled
2257,concrete
2258,soft_tiles
2259,soft_pvc
2260,soft_pvc
2261,soft_pvc
2262,soft_pvc
2263,soft_pvc
2264,soft_pvc
2265,hard_tiles_large_space
2266,soft_pvc
2267,hard_tiles_large_space
2268,soft_pvc
2269,soft_pvc
2270,soft_pvc
2271,soft_pvc
2272,soft_pvc
2273,tiled
2274,concrete
2275,soft_pvc
2276,tiled
2277,tiled
2278,hard_tiles_large_space
2279,concrete
2280,tiled
2281,soft_pvc
2282,soft_pvc
2283,tiled
2284,soft_pvc
2285,concrete
2286,carpet
2287,concrete
2288,concrete
2289,concrete
2290,concrete
2291,carpet
2292,fine_concrete
2293,hard_tiles_large_space
2294,soft_pvc
2295,concrete
2296,soft_pvc
2297,soft_pvc
2298,soft_pvc
2299,soft_pvc
2300,fine_concrete
2301,fine_concrete
2302,fine_concrete
2303,soft_pvc
2304,tiled
2305,tiled
2306,soft_pvc
2307,soft_pvc
2308,soft_pvc
2309,fine_concrete
2310,soft_pvc
2311,concrete
2312,soft_pvc
2313,soft_pvc
2314,soft_pvc
2315,wood
2316,soft_pvc
2317,soft_pvc
2318,concrete
2319,soft_pvc
2320,soft_pvc
2321,soft_tiles
2322,soft_pvc
2323,fine_concrete
2324,soft_pvc
2325,tiled
2326,hard_tiles_large_space
2327,soft_pvc
2328,wood
2329,soft_pvc
2330,fine_concrete
2331,soft_pvc
2332,soft_pvc
2333,soft_pvc
2334,soft_pvc
2335,soft_pvc
2336,carpet
2337,soft_pvc
2338,soft_pvc
2339,carpet
2340,hard_tiles_large_space
2341,soft_pvc
2342,soft_pvc
2343,hard_tiles_large_space
2344,concrete
2345,carpet
2346,concrete
2347,fine_concrete
2348,concrete
2349,tiled
2350,soft_tiles
2351,hard_tiles_large_space
2352,soft_tiles
2353,soft_pvc
2354,fine_concrete
2355,soft_tiles
2356,soft_pvc
2357,soft_pvc
2358,fine_concrete
2359,wood
2360,hard_tiles_large_space
2361,soft_pvc
2362,carpet
2363,tiled
2364,wood
2365,soft_pvc
2366,soft_pvc
2367,wood
2368,soft_pvc
2369,soft_pvc
2370,soft_pvc
2371,soft_pvc
2372,wood
2373,hard_tiles_large_space
2374,soft_tiles
2375,fine_concrete
2376,soft_pvc
2377,concrete
2378,fine_concrete
2379,soft_pvc
2380,hard_tiles_large_space
2381,soft_tiles
2382,tiled
2383,soft_pvc
2384,tiled
2385,concrete
2386,soft_pvc
2387,soft_pvc
2388,soft_pvc
2389,soft_pvc
2390,soft_pvc
2391,wood
2392,soft_pvc
2393,soft_pvc
2394,soft_tiles
2395,fine_concrete
2396,tiled
2397,tiled
2398,fine_concrete
2399,wood
2400,carpet
2401,tiled
2402,tiled
2403,soft_pvc
2404,tiled
2405,tiled
2406,carpet
2407,soft_pvc
2408,concrete
2409,concrete
2410,soft_pvc
2411,soft_pvc
2412,tiled
2413,soft_pvc
2414,soft_pvc
2415,soft_pvc
2416,hard_tiles_large_space
2417,concrete
2418,fine_concrete
2419,soft_pvc
2420,fine_concrete
2421,soft_pvc
2422,tiled
2423,carpet
2424,soft_pvc
2425,fine_concrete
2426,wood
2427,concrete
2428,concrete
2429,wood
2430,soft_pvc
2431,tiled
2432,fine_concrete
2433,concrete
2434,carpet
2435,soft_pvc
2436,soft_pvc
2437,concrete
2438,soft_pvc
2439,soft_pvc
2440,soft_pvc
2441,soft_pvc
2442,hard_tiles_large_space
2443,soft_pvc
2444,hard_tiles_large_space
2445,soft_pvc
2446,wood
2447,soft_pvc
2448,tiled
2449,soft_pvc
2450,concrete
2451,concrete
2452,soft_pvc
2453,fine_concrete
2454,wood
2455,tiled
2456,wood
2457,tiled
2458,carpet
2459,concrete
2460,concrete
2461,wood
2462,fine_concrete
2463,soft_pvc
2464,wood
2465,soft_pvc
2466,tiled
2467,soft_pvc
2468,fine_concrete
2469,soft_pvc
2470,soft_pvc
2471,tiled
2472,soft_pvc
2473,concrete
2474,soft_pvc
2475,soft_pvc
2476,hard_tiles_large_space
2477,concrete
2478,concrete
2479,fine_concrete
2480,concrete
2481,soft_tiles
2482,wood
2483,wood
2484,soft_pvc
2485,wood
2486,fine_concrete
2487,soft_pvc
2488,concrete
2489,concrete
2490,concrete
2491,hard_tiles_large_space
2492,soft_pvc
2493,concrete
2494,concrete
2495,concrete
2496,soft_pvc
2497,fine_concrete
2498,wood
2499,soft_pvc
2500,soft_pvc
2501,fine_concrete
2502,soft_tiles
2503,wood
2504,soft_pvc
2505,fine_concrete
2506,concrete
2507,concrete
2508,hard_tiles_large_space
2509,soft_pvc
2510,fine_concrete
2511,concrete
2512,tiled
2513,fine_concrete
2514,fine_concrete
2515,soft_pvc
2516,concrete
2517,soft_pvc
2518,soft_pvc
2519,soft_pvc
2520,soft_tiles
2521,soft_pvc
2522,fine_concrete
2523,wood
2524,soft_pvc
2525,soft_pvc
2526,soft_pvc
2527,tiled
2528,soft_pvc
2529,soft_pvc
2530,wood
2531,soft_tiles
2532,soft_pvc
2533,hard_tiles_large_space
2534,fine_concrete
2535,fine_concrete
2536,wood
2537,soft_tiles
2538,soft_tiles
2539,soft_pvc
2540,tiled
2541,fine_concrete
2542,soft_pvc
2543,tiled
2544,concrete
2545,tiled
2546,soft_pvc
2547,soft_pvc
2548,wood
2549,tiled
2550,tiled
2551,soft_tiles
2552,carpet
2553,soft_pvc
2554,fine_concrete
2555,soft_pvc
2556,wood
2557,concrete
2558,wood
2559,soft_pvc
2560,tiled
2561,soft_tiles
2562,hard_tiles_large_space
2563,fine_concrete
2564,concrete
2565,soft_pvc
2566,concrete
2567,soft_pvc
2568,concrete
2569,wood
2570,tiled
2571,soft_pvc
2572,fine_concrete
2573,fine_concrete
2574,wood
2575,wood
2576,soft_tiles
2577,wood
2578,fine_concrete
2579,soft_pvc
2580,fine_concrete
2581,soft_pvc
2582,wood
2583,carpet
2584,soft_pvc
2585,soft_pvc
2586,carpet
2587,concrete
2588,tiled
2589,soft_pvc
2590,soft_tiles
2591,tiled
2592,soft_pvc
2593,soft_pvc
2594,soft_pvc
2595,soft_tiles
2596,soft_pvc
2597,wood
2598,fine_concrete
2599,hard_tiles_large_space
2600,soft_pvc
2601,fine_concrete
2602,soft_pvc
2603,tiled
2604,concrete
2605,soft_pvc
2606,soft_pvc
2607,tiled
2608,concrete
2609,hard_tiles_large_space
2610,concrete
2611,concrete
2612,soft_pvc
2613,concrete
2614,fine_concrete
2615,soft_pvc
2616,fine_concrete
2617,soft_pvc
2618,soft_pvc
2619,soft_pvc
2620,wood
2621,hard_tiles_large_space
2622,soft_pvc
2623,hard_tiles_large_space
2624,wood
2625,fine_concrete
2626,soft_pvc
2627,concrete
2628,soft_pvc
2629,wood
2630,tiled
2631,tiled
2632,hard_tiles_large_space
2633,wood
2634,tiled
2635,tiled
2636,soft_pvc
2637,carpet
2638,concrete
2639,soft_pvc
2640,soft_pvc
2641,soft_pvc
2642,wood
2643,wood
2644,fine_concrete
2645,concrete
2646,soft_pvc
2647,fine_concrete
2648,concrete
2649,soft_pvc
2650,tiled
2651,soft_pvc
2652,wood
2653,soft_pvc
2654,soft_pvc
2655,concrete
2656,concrete
2657,soft_pvc
2658,hard_tiles_large_space
2659,soft_tiles
2660,fine_concrete
2661,soft_tiles
2662,wood
2663,soft_pvc
2664,fine_concrete
2665,soft_pvc
2666,soft_pvc
2667,soft_pvc
2668,concrete
2669,carpet
2670,concrete
2671,concrete
2672,concrete
2673,soft_pvc
2674,soft_pvc
2675,fine_concrete
2676,fine_concrete
2677,soft_pvc
2678,hard_tiles_large_space
2679,soft_pvc
2680,soft_tiles
2681,fine_concrete
2682,soft_tiles
2683,fine_concrete
2684,concrete
2685,soft_pvc
2686,soft_pvc
2687,tiled
2688,soft_pvc
2689,wood
2690,soft_pvc
2691,carpet
2692,soft_pvc
2693,soft_pvc
2694,fine_concrete
2695,tiled
2696,tiled
2697,tiled
2698,soft_pvc
2699,tiled
2700,fine_concrete
2701,soft_pvc
2702,fine_concrete
2703,soft_pvc
2704,hard_tiles_large_space
2705,fine_concrete
2706,concrete
2707,soft_pvc
2708,tiled
2709,soft_pvc
2710,fine_concrete
2711,hard_tiles_large_space
2712,concrete
2713,soft_pvc
2714,concrete
2715,wood
2716,hard_tiles_large_space
2717,concrete
2718,hard_tiles_large_space
2719,tiled
2720,soft_tiles
2721,tiled
2722,wood
2723,soft_pvc
2724,concrete
2725,soft_pvc
2726,tiled
2727,soft_pvc
2728,soft_pvc
2729,tiled
2730,fine_concrete
2731,wood
2732,tiled
2733,soft_pvc
2734,hard_tiles_large_space
2735,concrete
2736,concrete
2737,fine_concrete
2738,soft_pvc
2739,soft_pvc
2740,concrete
2741,wood
2742,concrete
2743,hard_tiles_large_space
2744,carpet
2745,soft_pvc
2746,tiled
2747,hard_tiles_large_space
2748,soft_pvc
2749,soft_pvc
2750,wood
2751,soft_pvc
2752,concrete
2753,fine_concrete
2754,hard_tiles_large_space
2755,hard_tiles_large_space
2756,hard_tiles_large_space
2757,soft_pvc
2758,concrete
2759,soft_pvc
2760,tiled
2761,soft_pvc
2762,soft_pvc
2763,hard_tiles_large_space
2764,soft_pvc
2765,concrete
2766,soft_pvc
2767,soft_pvc
2768,concrete
2769,fine_concrete
2770,tiled
2771,tiled
2772,soft_pvc
2773,soft_pvc
2774,concrete
2775,soft_pvc
2776,soft_tiles
2777,soft_pvc
2778,concrete
2779,soft_tiles
2780,soft_pvc
2781,fine_concrete
2782,soft_pvc
2783,concrete
2784,fine_concrete
2785,tiled
2786,soft_pvc
2787,soft_pvc
2788,concrete
2789,concrete
2790,hard_tiles_large_space
2791,wood
2792,tiled
2793,tiled
2794,soft_tiles
2795,carpet
2796,concrete
2797,soft_pvc
2798,soft_pvc
2799,concrete
2800,fine_concrete
2801,concrete
2802,carpet
2803,soft_pvc
2804,concrete
2805,carpet
2806,tiled
2807,hard_tiles_large_space
2808,tiled
2809,soft_pvc
2810,soft_pvc
2811,fine_concrete
2812,concrete
2813,soft_pvc
2814,soft_pvc
2815,hard_tiles
2816,soft_pvc
2817,concrete
2818,tiled
2819,fine_concrete
2820,wood
2821,tiled
2822,fine_concrete
2823,soft_pvc
2824,tiled
2825,soft_pvc
2826,soft_pvc
2827,fine_concrete
2828,soft_tiles
2829,concrete
2830,tiled
2831,tiled
2832,soft_pvc
2833,concrete
2834,tiled
2835,soft_pvc
2836,soft_tiles
2837,soft_pvc
2838,soft_pvc
2839,soft_pvc
2840,soft_pvc
2841,soft_pvc
2842,concrete
2843,wood
2844,soft_pvc
2845,soft_pvc
2846,soft_pvc
2847,concrete
2848,concrete
2849,concrete
2850,wood
2851,soft_pvc
2852,soft_pvc
2853,soft_pvc
2854,tiled
2855,fine_concrete
2856,concrete
2857,concrete
2858,hard_tiles_large_space
2859,soft_pvc
2860,concrete
2861,wood
2862,carpet
2863,tiled
2864,hard_tiles_large_space
2865,concrete
2866,soft_tiles
2867,tiled
2868,soft_pvc
2869,soft_pvc
2870,wood
2871,concrete
2872,tiled
2873,concrete
2874,soft_pvc
2875,concrete
2876,soft_pvc
2877,carpet
2878,hard_tiles_large_space
2879,wood
2880,fine_concrete
2881,soft_pvc
2882,concrete
2883,carpet
2884,tiled
2885,wood
2886,soft_pvc
2887,soft_pvc
2888,soft_pvc
2889,fine_concrete
2890,soft_tiles
2891,carpet
2892,tiled
2893,hard_tiles_large_space
2894,soft_pvc
2895,wood
2896,soft_tiles
2897,soft_pvc
2898,soft_pvc
2899,concrete
2900,soft_pvc
2901,soft_pvc
2902,tiled
2903,fine_concrete
2904,wood
2905,soft_pvc
2906,tiled
2907,tiled
2908,soft_pvc
2909,fine_concrete
2910,soft_pvc
2911,concrete
2912,tiled
2913,wood
2914,tiled
2915,concrete
2916,soft_pvc
2917,hard_tiles_large_space
2918,fine_concrete
2919,fine_concrete
2920,wood
2921,soft_tiles
2922,tiled
2923,fine_concrete
2924,soft_pvc
2925,soft_pvc
2926,wood
2927,soft_tiles
2928,soft_pvc
2929,soft_pvc
2930,concrete
2931,soft_pvc
2932,tiled
2933,soft_pvc
2934,fine_concrete
2935,hard_tiles_large_space
2936,soft_pvc
2937,hard_tiles_large_space
2938,soft_pvc
2939,tiled
2940,tiled
2941,concrete
2942,hard_tiles_large_space
2943,soft_pvc
2944,carpet
2945,soft_pvc
2946,soft_pvc
2947,carpet
2948,tiled
2949,soft_pvc
2950,soft_pvc
2951,tiled
2952,soft_pvc
2953,hard_tiles_large_space
2954,tiled
2955,soft_pvc
2956,carpet
2957,hard_tiles_large_space
2958,carpet
2959,soft_pvc
2960,tiled
2961,soft_pvc
2962,hard_tiles_large_space
2963,soft_pvc
2964,fine_concrete
2965,soft_pvc
2966,wood
2967,wood
2968,tiled
2969,concrete
2970,soft_pvc
2971,wood
2972,soft_tiles
2973,wood
2974,soft_pvc
2975,fine_concrete
2976,soft_pvc
2977,soft_pvc
2978,soft_pvc
2979,soft_pvc
2980,fine_concrete
2981,carpet
2982,soft_pvc
2983,wood
2984,soft_pvc
2985,soft_pvc
2986,concrete
2987,soft_pvc
2988,hard_tiles_large_space
2989,fine_concrete
2990,concrete
2991,soft_pvc
2992,soft_pvc
2993,wood
2994,fine_concrete
2995,soft_pvc
2996,fine_concrete
2997,concrete
2998,hard_tiles_large_space
2999,fine_concrete
3000,soft_pvc
3001,soft_pvc
3002,concrete
3003,tiled
3004,soft_pvc
3005,soft_pvc
3006,fine_concrete
3007,soft_pvc
3008,soft_tiles
3009,soft_pvc
3010,soft_pvc
3011,soft_pvc
3012,soft_pvc
3013,wood
3014,carpet
3015,tiled
3016,soft_pvc
3017,fine_concrete
3018,fine_concrete
3019,soft_pvc
3020,soft_pvc
3021,concrete
3022,hard_tiles_large_space
3023,carpet
3024,carpet
3025,soft_pvc
3026,carpet
3027,fine_concrete
3028,soft_pvc
3029,soft_pvc
3030,soft_tiles
3031,concrete
3032,concrete
3033,hard_tiles_large_space
3034,concrete
3035,soft_pvc
3036,soft_pvc
3037,carpet
3038,carpet
3039,fine_concrete
3040,wood
3041,concrete
3042,fine_concrete
3043,concrete
3044,tiled
3045,wood
3046,tiled
3047,wood
3048,soft_pvc
3049,soft_pvc
3050,hard_tiles_large_space
3051,wood
3052,concrete
3053,concrete
3054,hard_tiles_large_space
3055,tiled
3056,wood
3057,soft_pvc
3058,tiled
3059,soft_pvc
3060,concrete
3061,tiled
3062,soft_pvc
3063,tiled
3064,soft_pvc
3065,fine_concrete
3066,soft_pvc
3067,concrete
3068,concrete
3069,wood
3070,tiled
3071,hard_tiles_large_space
3072,fine_concrete
3073,soft_pvc
3074,soft_pvc
3075,fine_concrete
3076,carpet
3077,concrete
3078,concrete
3079,fine_concrete
3080,fine_concrete
3081,hard_tiles_large_space
3082,fine_concrete
3083,soft_pvc
3084,soft_pvc
3085,soft_pvc
3086,wood
3087,soft_pvc
3088,fine_concrete
3089,wood
3090,soft_pvc
3091,soft_pvc
3092,wood
3093,wood
3094,tiled
3095,wood
3096,soft_pvc
3097,concrete
3098,soft_pvc
3099,soft_pvc
3100,concrete
3101,soft_pvc
3102,soft_pvc
3103,wood
3104,wood
3105,concrete
3106,wood
3107,soft_pvc
3108,wood
3109,soft_tiles
3110,soft_pvc
3111,soft_pvc
3112,soft_pvc
3113,fine_concrete
3114,soft_pvc
3115,fine_concrete
3116,wood
3117,tiled
3118,concrete
3119,hard_tiles_large_space
3120,concrete
3121,fine_concrete
3122,concrete
3123,soft_pvc
3124,hard_tiles_large_space
3125,soft_pvc
3126,soft_pvc
3127,concrete
3128,wood
3129,soft_pvc
3130,soft_pvc
3131,concrete
3132,hard_tiles_large_space
3133,soft_pvc
3134,tiled
3135,carpet
3136,tiled
3137,tiled
3138,soft_pvc
3139,soft_pvc
3140,soft_pvc
3141,soft_pvc
3142,soft_pvc
3143,soft_pvc
3144,concrete
3145,soft_pvc
3146,soft_pvc
3147,carpet
3148,fine_concrete
3149,carpet
3150,concrete
3151,soft_pvc
3152,tiled
3153,soft_pvc
3154,soft_pvc
3155,soft_pvc
3156,concrete
3157,fine_concrete
3158,concrete
3159,concrete
3160,tiled
3161,fine_concrete
3162,tiled
3163,carpet
3164,soft_pvc
3165,wood
3166,soft_tiles
3167,soft_tiles
3168,tiled
3169,soft_pvc
3170,soft_pvc
3171,concrete
3172,wood
3173,hard_tiles_large_space
3174,soft_pvc
3175,fine_concrete
3176,wood
3177,hard_tiles_large_space
3178,concrete
3179,tiled
3180,wood
3181,hard_tiles_large_space
3182,soft_pvc
3183,tiled
3184,hard_tiles_large_space
3185,soft_pvc
3186,soft_pvc
3187,tiled
3188,fine_concrete
3189,concrete
3190,soft_pvc
3191,concrete
3192,wood
3193,fine_concrete
3194,soft_pvc
3195,concrete
3196,soft_pvc
3197,soft_pvc
3198,tiled
3199,tiled
3200,fine_concrete
3201,fine_concrete
3202,hard_tiles_large_space
3203,tiled
3204,concrete
3205,carpet
3206,fine_concrete
3207,soft_pvc
3208,fine_concrete
3209,tiled
3210,soft_pvc
3211,soft_pvc
3212,concrete
3213,concrete
3214,hard_tiles_large_space
3215,soft_pvc
3216,soft_pvc
3217,soft_pvc
3218,carpet
3219,tiled
3220,soft_pvc
3221,soft_pvc
3222,soft_tiles
3223,soft_pvc
3224,tiled
3225,soft_pvc
3226,carpet
3227,soft_tiles
3228,soft_pvc
3229,soft_pvc
3230,fine_concrete
3231,soft_tiles
3232,fine_concrete
3233,tiled
3234,concrete
3235,soft_pvc
3236,soft_pvc
3237,wood
3238,fine_concrete
3239,tiled
3240,fine_concrete
3241,concrete
3242,soft_pvc
3243,tiled
3244,concrete
3245,hard_tiles_large_space
3246,tiled
3247,hard_tiles_large_space
3248,soft_pvc
3249,concrete
3250,soft_tiles
3251,soft_pvc
3252,wood
3253,tiled
3254,wood
3255,concrete
3256,wood
3257,concrete
3258,wood
3259,wood
3260,wood
3261,soft_pvc
3262,soft_pvc
3263,concrete
3264,concrete
3265,soft_pvc
3266,tiled
3267,tiled
3268,fine_concrete
3269,wood
3270,concrete
3271,concrete
3272,tiled
3273,fine_concrete
3274,tiled
3275,soft_pvc
3276,hard_tiles_large_space
3277,soft_pvc
3278,hard_tiles_large_space
3279,concrete
3280,fine_concrete
3281,soft_pvc
3282,soft_pvc
3283,tiled
3284,concrete
3285,soft_pvc
3286,soft_pvc
3287,tiled
3288,soft_pvc
3289,soft_pvc
3290,concrete
3291,soft_pvc
3292,concrete
3293,tiled
3294,concrete
3295,hard_tiles_large_space
3296,tiled
3297,wood
3298,concrete
3299,wood
3300,soft_pvc
3301,soft_pvc
3302,soft_pvc
3303,fine_concrete
3304,tiled
3305,fine_concrete
3306,concrete
3307,concrete
3308,soft_pvc
3309,tiled
3310,soft_pvc
3311,fine_concrete
3312,soft_pvc
3313,tiled
3314,wood
3315,tiled
3316,concrete
3317,concrete
3318,soft_pvc
3319,tiled
3320,soft_pvc
3321,soft_tiles
3322,carpet
3323,hard_tiles_large_space
3324,soft_pvc
3325,concrete
3326,fine_concrete
3327,soft_pvc
3328,soft_pvc
3329,fine_concrete
3330,soft_pvc
3331,concrete
3332,tiled
3333,fine_concrete
3334,hard_tiles_large_space
3335,concrete
3336,wood
3337,soft_pvc
3338,wood
3339,soft_pvc
3340,soft_pvc
3341,fine_concrete
3342,concrete
3343,fine_concrete
3344,carpet
3345,concrete
3346,soft_pvc
3347,soft_pvc
3348,concrete
3349,tiled
3350,tiled
3351,soft_pvc
3352,concrete
3353,soft_pvc
3354,soft_pvc
3355,soft_pvc
3356,hard_tiles_large_space
3357,soft_tiles
3358,hard_tiles_large_space
3359,concrete
3360,concrete
3361,soft_pvc
3362,concrete
3363,soft_pvc
3364,carpet
3365,wood
3366,soft_pvc
3367,fine_concrete
3368,soft_tiles
3369,wood
3370,soft_pvc
3371,soft_pvc
3372,wood
3373,tiled
3374,wood
3375,soft_pvc
3376,soft_pvc
3377,tiled
3378,soft_pvc
3379,wood
3380,fine_concrete
3381,soft_pvc
3382,wood
3383,soft_pvc
3384,hard_tiles_large_space
3385,hard_tiles_large_space
3386,hard_tiles_large_space
3387,soft_pvc
3388,soft_pvc
3389,concrete
3390,tiled
3391,fine_concrete
3392,soft_pvc
3393,soft_pvc
3394,tiled
3395,tiled
3396,soft_pvc
3397,soft_tiles
3398,wood
3399,wood
3400,hard_tiles_large_space
3401,wood
3402,soft_pvc
3403,wood
3404,hard_tiles_large_space
3405,tiled
3406,soft_pvc
3407,wood
3408,tiled
3409,fine_concrete
3410,tiled
3411,soft_pvc
3412,tiled
3413,fine_concrete
3414,tiled
3415,concrete
3416,wood
3417,concrete
3418,concrete
3419,concrete
3420,soft_pvc
3421,tiled
3422,fine_concrete
3423,wood
3424,soft_pvc
3425,concrete
3426,concrete
3427,soft_pvc
3428,fine_concrete
3429,concrete
3430,concrete
3431,concrete
3432,fine_concrete
3433,fine_concrete
3434,hard_tiles_large_space
3435,soft_tiles
3436,carpet
3437,soft_pvc
3438,soft_pvc
3439,soft_pvc
3440,carpet
3441,wood
3442,soft_pvc
3443,soft_pvc
3444,tiled
3445,soft_pvc
3446,soft_tiles
3447,concrete
3448,fine_concrete
3449,soft_pvc
3450,soft_pvc
3451,hard_tiles_large_space
3452,soft_pvc
3453,soft_pvc
3454,soft_pvc
3455,concrete
3456,soft_pvc
3457,carpet
3458,carpet
3459,soft_pvc
3460,tiled
3461,hard_tiles_large_space
3462,soft_pvc
3463,hard_tiles_large_space
3464,fine_concrete
3465,hard_tiles_large_space
3466,hard_tiles_large_space
3467,soft_pvc
3468,fine_concrete
3469,concrete
3470,wood
3471,tiled
3472,fine_concrete
3473,tiled
3474,hard_tiles_large_space
3475,carpet
3476,wood
3477,soft_tiles
3478,soft_pvc
3479,tiled
3480,soft_pvc
3481,concrete
3482,fine_concrete
3483,carpet
3484,wood
3485,concrete
3486,concrete
3487,soft_pvc
3488,hard_tiles_large_space
3489,wood
3490,fine_concrete
3491,wood
3492,tiled
3493,soft_pvc
3494,wood
3495,tiled
3496,soft_pvc
3497,soft_pvc
3498,hard_tiles_large_space
3499,soft_tiles
3500,hard_tiles_large_space
3501,wood
3502,wood
3503,hard_tiles_large_space
3504,soft_pvc
3505,fine_concrete
3506,soft_pvc
3507,concrete
3508,soft_pvc
3509,soft_pvc
3510,fine_concrete
3511,concrete
3512,hard_tiles_large_space
3513,concrete
3514,concrete
3515,soft_pvc
3516,fine_concrete
3517,concrete
3518,concrete
3519,soft_pvc
3520,soft_pvc
3521,wood
3522,tiled
3523,fine_concrete
3524,wood
3525,soft_pvc
3526,soft_pvc
3527,tiled
3528,fine_concrete
3529,carpet
3530,soft_tiles
3531,soft_pvc
3532,tiled
3533,soft_pvc
3534,soft_pvc
3535,soft_pvc
3536,tiled
3537,wood
3538,concrete
3539,fine_concrete
3540,soft_pvc
3541,concrete
3542,soft_pvc
3543,carpet
3544,concrete
3545,soft_pvc
3546,wood
3547,soft_pvc
3548,concrete
3549,soft_pvc
3550,concrete
3551,soft_pvc
3552,soft_pvc
3553,concrete
3554,fine_concrete
3555,concrete
3556,wood
3557,tiled
3558,hard_tiles_large_space
3559,soft_pvc
3560,concrete
3561,carpet
3562,soft_pvc
3563,concrete
3564,soft_pvc
3565,soft_pvc
3566,soft_pvc
3567,soft_pvc
3568,fine_concrete
3569,fine_concrete
3570,soft_pvc
3571,fine_concrete
3572,wood
3573,concrete
3574,concrete
3575,hard_tiles_large_space
3576,soft_pvc
3577,concrete
3578,soft_pvc
3579,tiled
3580,carpet
3581,concrete
3582,fine_concrete
3583,soft_pvc
3584,wood
3585,concrete
3586,soft_pvc
3587,carpet
3588,carpet
3589,wood
3590,soft_pvc
3591,hard_tiles_large_space
3592,fine_concrete
3593,soft_pvc
3594,concrete
3595,hard_tiles_large_space
3596,soft_pvc
3597,tiled
3598,fine_concrete
3599,concrete
3600,wood
3601,tiled
3602,soft_pvc
3603,soft_pvc
3604,concrete
3605,hard_tiles_large_space
3606,concrete
3607,soft_pvc
3608,hard_tiles_large_space
3609,fine_concrete
3610,soft_pvc
3611,carpet
3612,tiled
3613,wood
3614,concrete
3615,tiled
3616,soft_tiles
3617,soft_pvc
3618,soft_pvc
3619,concrete
3620,concrete
3621,tiled
3622,soft_pvc
3623,soft_pvc
3624,tiled
3625,concrete
3626,soft_tiles
3627,soft_pvc
3628,fine_concrete
3629,wood
3630,soft_pvc
3631,fine_concrete
3632,fine_concrete
3633,wood
3634,tiled
3635,soft_tiles
3636,hard_tiles_large_space
3637,fine_concrete
3638,tiled
3639,hard_tiles_large_space
3640,hard_tiles_large_space
3641,concrete
3642,fine_concrete
3643,hard_tiles_large_space
3644,tiled
3645,carpet
3646,hard_tiles_large_space
3647,concrete
3648,soft_pvc
3649,soft_pvc
3650,tiled
3651,soft_pvc
3652,soft_pvc
3653,soft_pvc
3654,concrete
3655,concrete
3656,concrete
3657,hard_tiles_large_space
3658,tiled
3659,tiled
3660,soft_pvc
3661,concrete
3662,soft_pvc
3663,fine_concrete
3664,hard_tiles_large_space
3665,wood
3666,concrete
3667,carpet
3668,concrete
3669,concrete
3670,fine_concrete
3671,hard_tiles_large_space
3672,fine_concrete
3673,concrete
3674,fine_concrete
3675,tiled
3676,soft_pvc
3677,fine_concrete
3678,concrete
3679,tiled
3680,hard_tiles_large_space
3681,tiled
3682,hard_tiles_large_space
3683,fine_concrete
3684,fine_concrete
3685,tiled
3686,carpet
3687,hard_tiles_large_space
3688,concrete
3689,soft_pvc
3690,wood
3691,concrete
3692,tiled
3693,soft_pvc
3694,soft_pvc
3695,soft_pvc
3696,wood
3697,soft_pvc
3698,wood
3699,soft_tiles
3700,concrete
3701,concrete
3702,soft_tiles
3703,tiled
3704,carpet
3705,concrete
3706,wood
3707,soft_pvc
3708,hard_tiles_large_space
3709,concrete
3710,concrete
3711,hard_tiles_large_space
3712,soft_pvc
3713,concrete
3714,concrete
3715,soft_pvc
3716,wood
3717,tiled
3718,concrete
3719,hard_tiles_large_space
3720,tiled
3721,soft_pvc
3722,wood
3723,hard_tiles_large_space
3724,tiled
3725,soft_pvc
3726,tiled
3727,hard_tiles_large_space
3728,carpet
3729,soft_tiles
3730,hard_tiles_large_space
3731,soft_pvc
3732,tiled
3733,soft_pvc
3734,tiled
3735,fine_concrete
3736,soft_pvc
3737,wood
3738,soft_pvc
3739,wood
3740,soft_pvc
3741,concrete
3742,tiled
3743,soft_pvc
3744,concrete
3745,soft_pvc
3746,carpet
3747,wood
3748,hard_tiles_large_space
3749,wood
3750,soft_tiles
3751,wood
3752,hard_tiles_large_space
3753,soft_pvc
3754,wood
3755,soft_tiles
3756,fine_concrete
3757,soft_pvc
3758,wood
3759,hard_tiles_large_space
3760,fine_concrete
3761,fine_concrete
3762,hard_tiles_large_space
3763,fine_concrete
3764,concrete
3765,tiled
3766,concrete
3767,tiled
3768,soft_pvc
3769,soft_pvc
3770,concrete
3771,wood
3772,wood
3773,hard_tiles_large_space
3774,fine_concrete
3775,tiled
3776,concrete
3777,tiled
3778,concrete
3779,soft_pvc
3780,fine_concrete
3781,carpet
3782,fine_concrete
3783,soft_pvc
3784,hard_tiles_large_space
3785,tiled
3786,tiled
3787,concrete
3788,hard_tiles_large_space
3789,fine_concrete
3790,tiled
3791,concrete
3792,hard_tiles_large_space
3793,soft_pvc
3794,tiled
3795,fine_concrete
3796,concrete
3797,tiled
3798,soft_pvc
3799,concrete
3800,soft_tiles
3801,wood
3802,soft_pvc
3803,concrete
3804,concrete
3805,carpet
3806,concrete
3807,soft_pvc
3808,concrete
3809,soft_pvc
3810,tiled
3811,soft_pvc
3812,carpet
3813,concrete
3814,hard_tiles_large_space
3815,wood
